id;title;description;event_time;created_at;updated_at
1;Event 1 title;Event 1 Description;2019-08-04T01:59:23;2019-08-04T16:21:43;2019-08-04T06:35:45
2;Event 2 title;Event 2 Description;2019-08-04T01:59:23;2019-08-04T16:21:43;2019-08-04T06:35:45
3;Event 3 title;Event 3 Description;2019-08-04T01:59:23;2019-08-04T16:21:43;2019-08-04T06:35:45
4;Event 4 title;Event 4 Description;2019-08-04T01:59:23;2019-08-04T16:21:43;2019-08-04T06:35:45
5;Event 5 title;Event 5 Description;2019-08-04T01:59:23;2019-08-04T16:21:43;2019-08-04T06:35:45
6;Event 6 title;Event 6 Description;2019-08-04T01:59:23;2019-08-04T16:21:43;2019-08-04T06:35:45
7;Event 7 title;Event 7 Description;2019-08-04T01:59:23;2019-08-04T16:21:43;2019-08-04T06:35:45
8;Event 8 title;Event 8 Description;2019-08-04T01:59:23;2019-08-04T16:21:43;2019-08-04T06:35:45
9;Event 9 title;Event 9 Description;2019-08-04T01:59:23;2019-08-04T16:21:43;2019-08-04T06:35:45
10;Event 10 title;Event 10 Description;2019-08-04T01:59:23;2019-08-04T16:21:43;2019-08-04T06:35:45
